{"border_count": 60, "depth": 5, "iterations": 95, "l2_leaf_reg": 3.34809605539274, "learning_rate": 0.1072524455452521}