{"border_count": 206, "depth": 4, "iterations": 107, "l2_leaf_reg": 1.3416190979041889, "learning_rate": 0.0743538184466054}