{"border_count": 230, "depth": 3, "iterations": 176, "l2_leaf_reg": 4.374064834945224, "learning_rate": 0.07334060167805898}