{"alpha": 0.07555679290775312, "layer_0": 26.6142730926313, "layer_1": 29.333292041316277, "layer_2": 26.11573138845413, "lr": 0.030576016723169317}