{"colsample_bytree": 0.8643505544224244, "learning_rate": 0.029995566091938757, "max_depth": 19, "n_estimators": 57, "subsample": 0.5552218858844221}