{"colsample_bytree": 0.7019675917243005, "learning_rate": 0.04785696915929525, "max_depth": 4, "n_estimators": 194, "subsample": 0.5044766882197339}