{"colsample_bytree": 0.5158541063736657, "learning_rate": 0.28105373541494355, "max_depth": 13, "n_estimators": 63, "subsample": 0.5381805884063375}